time,uav_id,position,energy
0,0,39.473502895824176,99.71806782876982
0,1,42.792259911315384,99.87343991526329
0,2,24.84818662237257,99.9036513264492
0,3,9.600081011237664,99.90040858443099
0,4,49.0,99.93744122742017
0,5,6.930692528473342,99.80714750104067
0,6,23.843774605564008,99.93394765894408
0,7,3.7630202953820584,99.8844168591149
0,8,47.70589610552053,99.76282160775031
0,9,48.81001884721735,99.71394521690598
1,0,39.6856392481352,99.67756617999517
1,1,43.20731790350376,99.71839409207179
1,2,25.37424891979364,99.65458393975806
1,3,10.226703999316921,99.54701785216055
1,4,49.0,99.76504769569037
1,5,7.615295464332185,99.38533443923278
1,6,24.176590879334732,99.8342576540661
1,7,3.969774648695418,99.84594423276228
1,8,48.1477725378714,99.58709230442989
1,9,49.0,99.61708602170248
2,0,40.29749808414679,99.34063206831026
2,1,43.523704239594316,99.62830380977347
2,2,25.729563528939295,99.54096031543295
2,3,10.822317714826477,99.22773772386776
2,4,49.0,99.4852501893694
2,5,8.094321082660816,99.17881545051917
2,6,24.729064910296113,99.55955285466807
2,7,4.379093080480431,99.69515681202323
2,8,48.35042756167873,99.55013015162297
2,9,49.0,99.57901308730798
3,0,40.75310897793363,99.15380891042673
3,1,43.76534972945382,99.57575052128098
3,2,25.955101269023924,99.49517977045072
3,3,11.505076034395213,98.80819469322147
3,4,49.0,99.12860546886955
3,5,8.370334696265601,99.11025028711352
3,6,24.929397019591214,99.52343319605491
3,7,5.04992697817531,99.29014050555638
3,8,48.68959021083879,99.44660197929622
3,9,49.0,99.50177598707583
4,0,41.29886303184939,98.88574617179779
4,1,44.01980159887448,99.51747934281448
4,2,26.287426068025326,99.39578397562254
4,3,12.192623374501236,98.38274548282328
4,4,49.0,98.88549682547819
4,5,8.830673592006878,98.91952957807445
4,6,25.328356327008684,99.38018151997738
4,7,5.637177455617411,98.979763694626
4,8,48.96006894910063,99.38075910622968
4,9,49.0,99.08111313747798
5,0,41.92942453588228,98.5278991424664
5,1,44.528630090159105,99.2844635526258
5,2,26.508879163226606,99.35164664958573
5,3,12.743051199225105,98.11007177161606
5,4,49.0,98.49743577947481
5,5,9.292962125746191,98.72718995849029
5,6,25.705468737922317,99.2521891265588
5,7,5.897316128107145,98.91885877859376
5,8,49.0,99.08065488015359
5,9,49.0,98.70957487690733
6,0,42.17955040792021,98.47159248578994
6,1,45.10812236753527,98.98223338304103
6,2,26.717409406356154,99.31251027351603
6,3,13.426578658263715,97.68958296308226
6,4,49.0,98.2656086527923
6,5,9.769181655242008,98.52308342224438
6,6,26.05344365471678,99.1432112381125
6,7,6.561961963892037,98.52128010027018
6,8,49.0,98.98088306163686
6,9,49.0,98.3701974536073
7,0,42.87210474758878,98.03992412373556
7,1,45.699820690292675,98.6671371684025
7,2,27.17690436654937,99.12248821691736
7,3,13.659615790189552,97.64070728871167
7,4,49.0,98.09435984339673
7,5,10.18830962872786,98.36498198990186
7,6,26.35484167531028,99.0614545479766
7,7,6.973755782249189,98.36866336631672
7,8,49.0,98.85168873418753
7,9,49.0,98.29870596569654
8,0,43.29279181925502,97.88064427269515
8,1,46.03122066845492,98.56829381742916
8,2,27.637935576890502,98.93119341769962
8,3,13.877195820047648,97.59810032625792
8,4,49.0,97.71045572593785
8,5,10.796491781487788,98.03208501205974
8,6,26.83113234156553,98.85728702909091
8,7,7.59966007362781,98.01608280254717
8,8,49.0,98.43406165833015
8,9,49.0,98.24006353783346
9,0,43.80820772345992,97.64155607381853
9,1,46.73021766892275,98.12855669143245
9,2,28.331880161557265,98.49779023977013
9,3,14.37885731619302,97.37160249521459
9,4,49.0,97.64772436702073
9,5,11.288088196983052,97.81458467990473
9,6,27.03216465935274,98.8209144355755
9,7,7.899115740961239,97.93537647551888
9,8,49.0,98.0202709029538
9,9,49.0,98.12001626605998
10,0,44.3274027763484,97.39894892116905
10,1,47.07064741623887,98.02425351986051
10,2,29.00579110511306,98.08904987591029
10,3,14.943136681167763,97.08503241365192
10,4,49.0,97.52793643437475
10,5,11.883968907573237,97.4950182407766
10,6,27.28624742159091,98.76281219051559
10,7,8.29527521099397,97.79412838239193
10,8,49.0,97.93344071145377
10,9,49.0,97.85576208824173
11,0,44.57862591723436,97.3421471613041
11,1,47.469160332380206,97.88132222996218
11,2,29.344115970217658,97.98603253299706
11,3,15.396308140829666,96.90020447898503
11,4,49.0,97.4014084648491
11,5,12.437174196406742,97.21958575834257
11,6,27.498535933744392,98.72225241936249
11,7,8.812268671646923,97.5535743678698
11,8,49.0,97.8439761773919
11,9,49.0,97.75514844108503
12,0,45.178753719026126,97.01800912066902
12,1,48.146944529370415,97.46786995404148
12,2,29.7023910752312,97.87050758721183
12,3,16.009710776014202,96.56156796541883
12,4,49.0,97.34425694277833
12,5,12.954165022910434,96.97903419512251
12,6,28.07405208351185,98.42415546458365
12,7,9.09025763566415,97.48402429016596
12,8,49.0,97.69046318989383
12,9,49.0,97.37915278327239
13,0,45.430542950750315,96.960951085178
13,1,48.355992708471156,97.42853892697468
13,2,30.19768376475517,97.64972422374554
13,3,16.42747654627967,96.40449255049388
13,4,49.0,97.02096436181562
13,5,13.615892792012488,96.58493891876181
13,6,28.423628905783758,98.3141719053809
13,7,9.484459694248702,97.3441685534729
13,8,49.0,97.51373059241736
13,9,49.0,97.15945303880129
14,0,46.12246986559112,96.53006451524499
14,1,48.90465783388618,97.15760884911266
14,2,30.592458018427955,97.50946218351892
14,3,16.759360389504902,96.30536035363933
14,4,49.0,96.61416023922112
14,5,13.883667008566741,96.52040619081569
14,6,28.983761832036137,98.03179789981606
14,7,10.147157206894923,96.94891735953216
14,8,49.0,97.25869020990845
14,9,49.0,97.00703385121892
15,0,46.421965335553864,96.4493367323696
15,1,49.0,97.02507971580287
15,2,31.145893923138015,97.2338000129589
15,3,17.28412750159255,96.0575178839034
15,4,49.0,96.21736808193414
15,5,14.517097465396429,96.15929546154017
15,6,29.59183720816932,97.69901780306249
15,7,10.802882644570303,96.56193909487905
15,8,49.0,97.15576802246964
15,9,49.0,96.87379639348238
16,0,46.81191228744687,96.31248396960802
16,1,49.0,96.81752501579845
16,2,31.6800030379094,96.97705472112521
16,3,17.627485843112748,95.95141242828105
16,4,49.0,96.17777961060087
16,5,14.916708657225383,96.0155752673687
16,6,29.94610118794652,97.58606513243167
16,7,11.473975004079326,96.1566106353868
16,8,49.0,96.78235198916485
16,9,49.0,96.51641021714443
17,0,47.33841216791949,96.0630020578841
17,1,49.0,96.6928825846436
17,2,32.15442767160906,96.77448386137027
17,3,18.235098363470932,95.61913875087463
17,4,49.0,96.12184184314634
17,5,15.517246097353036,95.69099457207314
17,6,30.166691083610583,97.5422712205695
17,7,12.082185519686504,95.82368260722116
17,8,49.0,96.45425466241352
17,9,49.0,96.47064350880561
18,0,47.85199252365042,95.82561375427066
18,1,49.0,96.50963773559282
18,2,32.439337423194914,96.70142765147642
18,3,18.50928783230962,95.55147687253479
18,4,49.0,95.81212102334395
18,5,16.001092471771457,95.48029798943907
18,6,30.85819065106885,97.11191673395403
18,7,12.773309408330677,95.39379560071198
18,8,49.0,96.01786235760945
18,9,49.0,96.4101270462304
19,0,48.521120592132405,95.42265461944328
19,1,49.0,96.41615698989641
19,2,32.86844355307422,96.53570878784643
19,3,19.087991110220482,95.2500691370565
19,4,49.0,95.73014042167455
19,5,16.484248274548623,95.27020241265754
19,6,31.151099025181846,97.03470094989106
19,7,13.025677461671323,95.33647492979973
19,8,49.0,95.95782497759252
19,9,49.0,96.2809732421271
20,0,48.723448010550996,95.38581187362374
20,1,49.0,96.263070591849
20,2,33.4005421056148,96.28089280519224
20,3,19.488835202722477,95.10546074921213
20,4,49.0,95.67704123304834
20,5,16.715592705560443,95.22203419147337
20,6,31.490157281564276,96.93123649879207
20,7,13.310333806943124,95.26354861838658
20,8,49.0,95.53854101326391
20,9,49.0,96.21260592091899
21,0,49.0,95.058855443825
21,1,49.0,96.04427859547688
21,2,33.885185565606946,96.0695014502104
21,3,19.94487556068437,94.91828522193111
21,4,49.0,95.25365109722568
21,5,17.09751509310626,95.09075595237555
21,6,32.08411515704121,96.6137291367351
21,7,13.787980860676603,95.05821658124033
21,8,49.0,95.3961086033255
21,9,49.0,95.79921614423968
22,0,49.0,94.83461261952007
22,1,49.0,95.9836917670865
22,2,34.29395516610538,95.91911812254791
22,3,20.535666424525175,94.60415476161313
22,4,49.0,94.98448752328564
22,5,17.755685258024545,94.70088678298583
22,6,32.41380384911197,96.5159039664237
22,7,14.367077718853515,94.756398727205
22,8,49.0,95.22974689455985
22,9,49.0,95.58593505787721
23,0,49.0,94.4214785302862
23,1,49.0,95.5556448477719
23,2,34.924750648068155,95.56100547648973
23,3,20.915214968390323,94.474503374178
23,4,49.0,94.61139849876075
23,5,18.27498984684525,94.45817725261261
23,6,32.828802239347326,96.36090266891556
23,7,14.584949060103757,94.71367759800063
23,8,49.0,94.92167693347943
23,9,49.0,95.40283130015315
24,0,49.0,94.10489382012697
24,1,49.0,95.25910466951422
24,2,35.52153433209233,95.240469787524
24,3,21.265540547738706,94.36404816378679
24,4,49.0,94.28696711176812
24,5,18.749413011078335,94.25560764772777
24,6,33.2654653395719,96.1892954721276
24,7,15.122512017014134,94.45360105862262
24,8,49.0,94.88172972704973
24,9,49.0,95.34605880886038
25,0,49.0,93.99709418153567
25,1,49.0,94.82875579955994
25,2,35.79140722152481,95.17492154871843
25,3,21.63083869811831,94.2439496989831
25,4,49.0,94.24119111665533
25,5,19.115047451224697,94.13528795828874
25,6,33.62562848282731,96.07254973134394
25,7,15.795915602486396,94.04547590858841
25,8,49.0,94.53288776946825
25,9,49.0,95.20819684870186
26,0,49.0,93.95649771218547
26,1,49.0,94.48778233874438
26,2,36.32167531009708,94.92185572753615
26,3,21.907020939943965,94.17530073135325
26,4,49.0,93.80266274306383
26,5,19.365164169936758,94.07898542260739
26,6,34.25918575362414,95.71129439750236
26,7,16.14304868455124,93.93702466959095
26,8,49.0,94.37587930138542
26,9,49.0,94.88664567953414
27,0,49.0,93.69526725430715
27,1,49.0,94.0850590947529
27,2,36.83224547282727,94.68724202557286
27,3,22.15592602068349,94.11954236605709
27,4,49.0,93.43150689596376
27,5,19.949741932431053,93.77142737824484
27,6,34.8151209790708,95.43313682009916
27,7,16.369915458228107,93.89070298989226
27,8,49.0,94.23323590308416
27,9,49.0,94.81419941246286
28,0,49.0,93.35933119299611
28,1,49.0,93.81254736358359
28,2,37.473784271486835,94.31682719840585
28,3,22.839213574145575,93.69934867341252
28,4,49.0,93.1209997056273
28,5,20.646858474041434,93.3340530529167
28,6,35.322505922142945,95.20144128768847
28,7,16.58848026017383,93.84770947450764
28,8,49.0,94.19462493157819
28,9,49.0,94.69028782610455
29,0,49.0,93.02253250734054
29,1,49.0,93.45185051730759
29,2,38.154190535898174,93.90016978222067
29,3,23.071774308419982,93.65067262779888
29,4,49.0,93.07652992426422
29,5,21.30350027222495,92.94599244690718
29,6,35.67502927132438,95.08959584714218
29,7,17.067473960478647,93.64121800606911
29,8,49.0,93.76461531430785
29,9,49.0,94.54612630833336
30,0,49.0,92.76691409385018
30,1,49.0,93.30753370033284
30,2,38.73828786812956,93.59311705805283
30,3,23.535631671206417,93.45702534008882
30,4,49.0,92.98508188018393
30,5,21.639153322854185,92.84459577355014
30,6,36.00405887759358,94.99216141352068
30,7,17.53363412460793,93.44564323731018
30,8,49.0,93.49078446316989
30,9,49.0,94.13650115238475
31,0,49.0,92.49758297737908
31,1,49.0,92.99360998004155
31,2,39.022750926061846,93.52028974985745
31,3,23.92266298371008,93.32221142691634
31,4,49.0,92.8360782747816
31,5,22.18234343785442,92.57904582261956
31,6,36.352004865782014,94.8832016438939
31,7,17.88528008531776,93.33435384379499
31,8,49.0,93.36222656999657
31,9,49.0,93.80691414845248
32,0,49.0,92.28255444094512
32,1,49.0,92.94278506917838
32,2,39.26187397590708,93.4688279001869
32,3,24.30830645585133,93.1883626280717
32,4,49.0,92.52986797192686
32,5,22.72668515109376,92.31236871192445
32,6,36.905996043107606,94.60698604179476
32,7,18.468885118344808,93.02781849267794
32,8,49.0,93.25598632856048
32,9,49.0,93.60459640379788
33,0,49.0,92.08232374504678
33,1,49.0,92.65056356568562
33,2,39.940309260459905,93.05458090839325
33,3,24.64730142824906,93.08493679589185
33,4,49.0,92.20948571305584
33,5,23.25667042535539,92.0595727600837
33,6,37.39611497853934,94.39079112801289
33,7,19.056325008018508,92.71724143109607
33,8,49.0,92.8495410926276
33,9,49.0,93.5616890400487
34,0,49.0,92.0149031987947
34,1,49.0,92.3497385292958
34,2,40.18220493691495,93.00191874193438
34,3,25.10536327861961,92.89609820300345
34,4,49.0,92.12303455201163
34,5,23.593818277276768,91.95727095343402
34,6,37.94703522001154,94.11762932679548
34,7,19.271421394652865,92.67560162110723
34,8,49.0,92.48473906039631
34,9,49.0,93.40123148119132
35,0,49.0,91.83168262599479
35,1,49.0,92.15090824013576
35,2,40.7049770842047,92.75595709575063
35,3,25.477791571930982,92.77126565271051
35,4,49.0,92.06653509066439
35,5,23.953007745609856,91.84115558668876
35,6,38.23110627902295,94.0450025968844
35,7,19.749487984378103,92.46990872331686
35,8,49.0,92.36873690954857
35,9,49.0,92.98625352770414
36,0,49.0,91.41200584943347
36,1,49.0,91.91676045738961
36,2,41.21372571803834,92.52301444056579
36,3,26.170480854214535,92.33942905509906
36,4,49.0,91.69368806058723
36,5,24.535542720188925,91.5357432897417
36,6,38.587901584894304,93.93042999562175
36,7,20.13225749843714,92.33804747251317
36,8,49.0,92.28739452173666
36,9,49.0,92.80917137290821
37,0,49.0,90.97705280827823
37,1,49.0,91.52936892960454
37,2,41.472900435048075,92.46256006002243
37,3,26.383075998859788,92.298752029125
37,4,49.0,91.31423460698024
37,5,25.004127784163277,91.33812852377984
37,6,38.887996528998535,93.84937871769252
37,7,20.669084133229457,92.07868292027297
37,8,49.0,92.04205406153834
37,9,49.0,92.7478423622134
38,0,49.0,90.87916150297146
38,1,49.0,91.48174278962405
38,2,41.777830671983146,92.37887585556487
38,3,26.64922883628632,92.23499842954182
38,4,49.0,91.23505051477072
38,5,25.546861357119834,91.07302476568707
38,6,39.112746401129066,93.8039174631721
38,7,20.920011440853564,92.02201485793263
38,8,49.0,91.97785222952433
38,9,49.0,92.63232034715801
39,0,49.0,90.76930480366542
39,1,49.0,91.38519336298654
39,2,42.35309899869935,92.0810355726143
39,3,27.34824023016537,91.79524319364636
39,4,49.0,91.03877969335988
39,5,26.218962716076806,90.66647655264644
39,6,39.511051457192096,93.66113523725527
39,7,21.17335266425492,91.96425126000558
39,8,49.0,91.83067633039639
39,9,49.0,92.52328672485118
40,0,49.0,90.5897152036054
40,1,49.0,91.13379156263201
40,2,42.78362410827555,91.91421888963626
40,3,28.015820486204284,91.39414613521868
40,4,49.0,90.66739004742084
40,5,26.769951513659905,90.39324676309059
40,6,39.95589391337437,93.48303890751521
40,7,21.43919630516215,91.90064570273586
40,8,49.0,91.68774940376456
40,9,49.0,92.24885360379905
41,0,49.0,90.48417486394595
41,1,49.0,91.07664066661319
41,2,43.43757333703087,91.52933425522556
41,3,28.570345891112055,91.11739755299936
41,4,49.0,90.43546314736263
41,5,27.366200966464362,90.07328469411793
41,6,40.57371693216611,93.13950415322117
41,7,21.88092580424766,91.72503324740975
41,8,49.0,91.31842465326591
41,9,49.0,91.85893782615861
42,0,49.0,90.38270416734855
42,1,49.0,90.8482324449051
42,2,43.900865351441105,91.3361587136709
42,3,29.039318780688006,90.91945553895786
42,4,49.0,90.03286107294778
42,5,27.718795317810876,89.96139419517661
42,6,41.265433921283396,92.70887899949103
42,7,22.531991411649777,91.34353546478205
42,8,49.0,91.15250852839445
42,9,49.0,91.52544452511233
43,0,49.0,90.07520322048954
43,1,49.0,90.58681449266109
43,2,44.26078229613268,91.21957252730239
43,3,29.337544276598482,90.83941093718792
43,4,49.0,89.77452246183715
43,5,28.340281966011418,89.61377310667422
43,6,41.47356031562208,92.66989406307266
43,7,23.05339309930403,91.09886171688221
43,8,49.0,90.9926606678764
43,9,49.0,91.14631236560994
44,0,49.0,89.95808550274958
44,1,49.0,90.4148696983128
44,2,44.71816584815028,91.03129278501179
44,3,29.60776403728401,90.77369409002947
44,4,49.0,89.49585337442069
44,5,28.9555201385719,89.27310689859621
44,6,41.70251495407021,92.62271585925244
44,7,23.39908750957248,90.99130755412044
44,8,49.0,90.94948696069663
44,9,49.0,90.73226468631795
45,0,49.0,89.70184441207604
45,1,49.0,89.99613507181367
45,2,45.183912987315935,90.8360644271349
45,3,30.208798299231816,90.44857612439783
45,4,49.0,89.36091704527428
45,5,29.33242965485822,89.14525219347574
45,6,42.091648862622776,92.48643318034559
45,7,23.928018576435697,90.73951628797668
45,8,49.0,90.81971391576236
45,9,49.0,90.35179969674982
46,0,49.0,89.27131830781315
46,1,49.0,89.95445000016501
46,2,45.48072463251718,90.75677698968053
46,3,30.46492329552551,90.38953611204403
46,4,49.0,89.31688770648847
46,5,29.646300151531864,89.0565889736618
46,6,42.51504552280732,92.3250949216757
46,7,24.54651375908004,90.39523362611786
46,8,49.0,90.73271426265543
46,9,49.0,90.17199361972261
47,0,49.0,88.87354395954836
47,1,49.0,89.6981868733291
47,2,46.07976414239518,90.43381348872515
47,3,30.940420280618252,90.18604846749497
47,4,49.0,88.88810798659208
47,5,30.1406312288726,88.83666208103944
47,6,42.737800879788615,92.28043696751823
47,7,24.845505159049935,90.31477735458749
47,8,49.0,90.58699062903584
47,9,49.0,89.94641852505121
48,0,49.0,88.56452401900152
48,1,49.0,89.54943733749819
48,2,46.63479329490302,90.15656186460492
48,3,31.535355032172813,89.8674958447484
48,4,49.0,88.77235399371628
48,5,30.830266348890508,88.40862514215353
48,6,43.262629127406534,92.03253674697031
48,7,25.486004189443,89.94556224744647
48,8,49.0,90.38138183443677
48,9,49.0,89.65318555284276
49,0,49.0,88.25623500395983
49,1,49.0,89.16434672759996
49,2,46.909968173338704,90.08841277225504
49,3,32.014496744257436,89.66087674251496
49,4,49.0,88.6179565274968
49,5,31.491845859477376,88.014706438208
49,6,43.51517647453103,91.97513460068465
49,7,26.177291133783456,89.51547237197246
49,8,49.0,90.01535721640721
49,9,49.0,89.60267050019503
