budget_m,algorithm,reference,mean_difference_pp,ci_low_pp,ci_high_pp,maps_better,maps_tied,maps_worse
100000,Spiral,Pizza,-5.2008503227258664,-6.951328995923121,-3.4576181830511996,10,0,50
100000,Concentric,Pizza,-5.333303166226151,-7.036959393608557,-3.615093210347119,12,0,48
100000,Pizza,Pizza,0.0,0.0,0.0,0,60,0
100000,GreedySeeded,Pizza,-1.3465046552888948,-3.2798212237013615,0.5892139564570308,25,0,35
100000,RandomWalkSeeded,Pizza,-33.555805155652095,-37.2665722244478,-29.966093988225744,0,0,60
250000,Spiral,Pizza,-3.3083689123512885,-4.912412109221449,-1.6101329489525238,20,0,40
250000,Concentric,Pizza,-3.527974979407363,-5.227028971018148,-1.7366407718222545,10,0,50
250000,Pizza,Pizza,0.0,0.0,0.0,0,60,0
250000,GreedySeeded,Pizza,-13.920374273750177,-16.511371729012,-11.444920074792027,3,0,57
250000,RandomWalkSeeded,Pizza,-58.528902048713114,-61.62392287184421,-55.493893544377705,0,0,60
