budget_m,algorithm,n_maps,n_seeds,likelihood_mass_mean,likelihood_mass_std_across_maps,likelihood_mass_ci_low,likelihood_mass_ci_high,conditional_detection_probability_mean,conditional_detection_probability_std_across_maps,conditional_detection_probability_ci_low,conditional_detection_probability_ci_high,conditional_detection_auc_mean,conditional_detection_auc_std_across_maps,conditional_detection_auc_ci_low,conditional_detection_auc_ci_high,upstream_discounted_score_mean,upstream_discounted_score_std_across_maps,upstream_discounted_score_ci_low,upstream_discounted_score_ci_high,capped_detection_time_s_mean,capped_detection_time_s_std_across_maps,capped_detection_time_s_ci_low,capped_detection_time_s_ci_high,total_path_km_mean,total_path_km_std_across_maps,total_path_km_ci_low,total_path_km_ci_high,area_covered_km2_mean,area_covered_km2_std_across_maps,area_covered_km2_ci_low,area_covered_km2_ci_high,planning_s_mean,planning_s_std_across_maps,planning_s_ci_low,planning_s_ci_high,evaluation_s_mean,evaluation_s_std_across_maps,evaluation_s_ci_low,evaluation_s_ci_high
100000,Spiral,60,1,0.08657463481847325,0.05811046663186377,0.07283229195927704,0.10150399891180636,0.38675139441298184,0.1946658706679946,0.3396629940798923,0.4363226246931191,0.19103015724609126,0.09946152698335303,0.16692747451931833,0.21604001009103305,0.001989235746808325,0.002636233911922576,0.0013676711956411205,0.0026703605157608543,1617.9396855078173,198.92305396670608,1567.9199798179336,1666.1450509613633,100.00000000000003,2.9906955782011836e-13,99.99999999999996,100.0000000000001,6.642057965527217,0.00011827111305593787,6.642027681900722,6.642086464571331,0.06046377712045796,0.025635690866044548,0.05397023874759422,0.06670358385526924,0.1359428681326487,0.00786083918745441,0.1339610226499887,0.1378661654506868
100000,Concentric,60,1,0.08638835690236135,0.05778140917210513,0.0726625132687428,0.10118465983261986,0.38542686597797904,0.19388739430446736,0.33855002683707375,0.4349764259788776,0.19021298320201077,0.09984823629444407,0.16630785439528656,0.21577153042476938,0.0020032850073820785,0.002649686906953237,0.0013785491455689115,0.002687335623643866,1619.5740335959786,199.69647258888816,1568.456939150461,1667.384291209427,100.00000000000013,2.887868419423099e-13,100.00000000000003,100.00000000000018,6.615030096266082,0.004701310186297555,6.61382752457077,6.616163218044913,0.06681012648332399,0.028609411312441824,0.05960782262828919,0.07378405729245666,0.1402640215664481,0.010987989917346218,0.13759488106770731,0.1431136037147856
100000,Pizza,60,1,0.0997984788476574,0.06348503108024996,0.0844574852168601,0.11614569671783113,0.4387598976402406,0.20762762857547631,0.38827704199596125,0.4911745719826499,0.22460468519363558,0.12438758475211488,0.19405212946214545,0.25604810268945066,0.00294274634706375,0.0031353769379294386,0.0021991027850886725,0.003752778713628114,1550.7906296127285,248.77516950422975,1487.9037946210985,1611.895741075709,99.9999999999997,3.935967180257436e-13,99.99999999999959,99.99999999999979,6.377864042127217,1.0269001188548942e-13,6.377864042127192,6.377864042127244,0.020550718747351007,0.008342318476028666,0.018472014017800877,0.02257070367471897,0.14859556043326544,0.004019006405020112,0.14768397193831334,0.14965330163873053
100000,GreedySeeded,60,5,0.09530149156986961,0.05218174724674894,0.08254110734068751,0.10856818066493652,0.42529485108735166,0.1705966322133367,0.38408445861041557,0.46839937248180635,0.25013291953485367,0.11562075284568414,0.22208666604496605,0.2794639726349924,0.004900420809039001,0.004533938302632257,0.0038248075815109066,0.006088567556352808,1499.7341609302928,231.24150569136825,1441.0720547300157,1555.826667910068,100.00000000000001,1.574539050841166e-13,99.99999999999997,100.00000000000006,4.088706615691246,1.2492451304214631,3.7701894001439715,4.396806939179111,0.030668757522750337,0.003100797450359183,0.029876360498470606,0.03142933047857757,0.13912236655674257,0.0755942760337845,0.12085034076374238,0.15843185340627194
100000,RandomWalkSeeded,60,5,0.024063734301330093,0.01906588502055833,0.019542043247227657,0.029010155041038068,0.10320184608371955,0.06467151022860415,0.08735498888369143,0.11969271519286541,0.0539489032932825,0.037531408435147504,0.044824549611194454,0.06353174636491464,0.0024218894474144752,0.0028325291120559087,0.001751425933693772,0.003143280851998967,1892.1021934134349,75.06281687029498,1872.936507270171,1910.3509007776113,99.99999999999982,2.079856487375864e-13,99.99999999999979,99.99999999999987,1.4299445452303556,0.001928732634966739,1.4294457093200275,1.4304226615033722,0.012759976829014101,0.0007800303679136874,0.012579159667831847,0.012961031820241867,0.2973256172610369,0.04544449422219049,0.2861231662390444,0.3090145632858379
250000,Spiral,60,1,0.16559723144627683,0.07321647975898213,0.14744662728293448,0.18394359705471333,0.7605209704002873,0.22528886827332967,0.7052188776613408,0.8178586653166252,0.44748965574785154,0.18955938957964197,0.40152799495954333,0.4953875507122645,0.0019904665546908408,0.0026373989947431954,0.0013687312665480083,0.002671120920601386,2762.551721260743,947.7969478982099,2523.0622464386774,2992.3600252022834,215.67469202707403,39.865047548908315,205.35452470938853,225.31286817046248,14.30085608678307,2.6482428261510877,13.615247094811457,14.94103557624698,0.0598578061821172,0.03273237211482784,0.05157357259660785,0.06789754030263186,0.49836052719911095,0.16345826984743547,0.45691439811785434,0.5377686628650069
250000,Concentric,60,1,0.16504906623371315,0.07314519377543825,0.14698960660851015,0.1833975267598342,0.7583249097297264,0.22474909170680785,0.7035256342292044,0.8152649270883544,0.44521118912853846,0.18900211414690565,0.39939131828803265,0.49320519188401385,0.001997197640183707,0.0026411817731655466,0.0013738435022689127,0.0026791209433909614,2773.944054357308,945.0105707345283,2533.9740405799316,3003.0434085598367,216.47541803487195,38.09910859925118,206.60006339247158,225.64387704854218,14.294911148011229,2.535636024353589,13.637648191183262,14.904800566266957,0.06788757290050854,0.03534056147144107,0.05897812689298007,0.07654554493764104,0.5468930805946002,0.14532752839127477,0.5096556787644173,0.5814750358217377
250000,Pizza,60,1,0.1747392363910663,0.07334709891990787,0.15649887643191127,0.19292022880028306,0.7936046595238,0.20096938749495966,0.7440650061531571,0.843858571528332,0.4848363638389271,0.18648885272402163,0.4390451832431676,0.5313959556878848,0.0029450892271077897,0.003130609839617277,0.0022021216406240556,0.003753534516333328,2575.818180805364,932.4442636201081,2343.0202215605755,2804.774083784161,218.61935236118433,36.297146739831504,209.2196099333531,227.3885914634767,14.116818965879618,2.374511397308138,13.501874893465809,14.69043448371387,0.019949462549993767,0.01391200851341063,0.016440271024087755,0.02334796562853929,0.49415993403623965,0.12646961584611488,0.46188994050336385,0.524589615029181
250000,GreedySeeded,60,5,0.14609399684891947,0.0655436527941467,0.12991139207385835,0.1626593358773549,0.6544009167862985,0.16215905009763465,0.6146082901388884,0.6955451435754996,0.4339040576973151,0.1489983994703888,0.3973617718696213,0.47141785546270737,0.004894702593355073,0.004534039270021563,0.0038193864368464524,0.006082640135511799,2830.4797115134234,744.9919973519441,2642.9107226864635,3013.191140651894,250.00000000000003,1.6473125775893492e-13,249.99999999999994,250.00000000000006,7.803898458090851,2.6576552727759344,7.130220728943403,8.452660046789038,0.07007190625513128,0.00686111379484152,0.06836275123186351,0.07173194983539483,0.5879393744538539,0.20455502754348395,0.5377826423337102,0.6407928599569471
250000,RandomWalkSeeded,60,5,0.04784700464843839,0.032702697855231194,0.0400088759641205,0.05627702542188971,0.20831563903666897,0.10950822419053728,0.18130448147823586,0.2360287310770168,0.11640335979098576,0.06851178461022954,0.0995936438576442,0.13390925062580034,0.0024127274118815423,0.0028178725903728833,0.0017449629495820706,0.0031307498849872267,4417.983201045072,342.55892305114764,4330.453746870999,4502.031780711779,249.99999999999997,1.4430746455935067e-13,249.99999999999994,250.0,2.962179895756388,0.04434175804935717,2.9505852962013206,2.972808298692383,0.031616736368741835,0.0007018609573673594,0.0314406167070847,0.03179414304110591,0.9818834253965177,0.12868474171670014,0.9510695238495924,1.0153502910687529
