dataset,algorithm,our_likelihood,archived_likelihood,absolute_difference
1,Spiral,0.18888123435980694,0.18888123435980742,4.718447854656915e-16
1,Concentric,0.1895492159537765,0.18954921595377697,4.718447854656915e-16
1,Pizza,0.19780045047821582,0.197800450478216,1.942890293094024e-16
2,Spiral,0.1457319269043355,0.1457319269043351,4.163336342344337e-16
2,Concentric,0.14630380642534668,0.14630380642534613,5.551115123125783e-16
2,Pizza,0.15663145549666918,0.15663145549666863,5.551115123125783e-16
3,Spiral,0.16192449643066997,0.16192449643066925,7.216449660063518e-16
3,Concentric,0.16068492765664513,0.1606849276566443,8.326672684688674e-16
3,Pizza,0.17742072402310427,0.17742072402310424,2.7755575615628914e-17
4,Spiral,0.16100946310740422,0.16100946310740355,6.661338147750939e-16
4,Concentric,0.1589872637999145,0.1589872637999141,4.163336342344337e-16
4,Pizza,0.17675044371959628,0.17675044371959608,1.942890293094024e-16
5,Spiral,0.1653815865740607,0.16538158657405994,7.771561172376096e-16
5,Concentric,0.162889764327578,0.1628897643275771,9.159339953157541e-16
5,Pizza,0.17744795810647113,0.1774479581064708,3.3306690738754696e-16
6,Spiral,0.15602581413422578,0.15602581413422584,5.551115123125783e-17
6,Concentric,0.15375275643229486,0.15375275643229475,1.1102230246251565e-16
6,Pizza,0.16743663332455225,0.1674366333245522,5.551115123125783e-17
7,Spiral,0.15021006473455556,0.15021006473455553,2.7755575615628914e-17
7,Concentric,0.14824872914768672,0.14824872914768697,2.498001805406602e-16
7,Pizza,0.1623384658399411,0.16233846583994124,1.3877787807814457e-16
8,Spiral,0.1352048541905401,0.13520485419053982,2.7755575615628914e-16
8,Concentric,0.13194433716086645,0.13194433716086626,1.942890293094024e-16
8,Pizza,0.14574699065146587,0.14574699065146518,6.938893903907228e-16
9,Spiral,0.1549416448627067,0.15494164486270648,2.220446049250313e-16
9,Concentric,0.15401061977159247,0.15401061977159253,5.551115123125783e-17
9,Pizza,0.16909816856994178,0.1690981685699424,6.106226635438361e-16
10,Spiral,0.11335931322648479,0.11335931322648475,4.163336342344337e-17
10,Concentric,0.12705027467864943,0.1270502746786495,5.551115123125783e-17
10,Pizza,0.15068616804859641,0.15068616804859655,1.3877787807814457e-16
11,Spiral,0.20722278963584267,0.2072227896358429,2.220446049250313e-16
11,Concentric,0.20451479975747683,0.2045147997574772,3.608224830031759e-16
11,Pizza,0.2230872971817427,0.22308729718174303,3.3306690738754696e-16
12,Spiral,0.21103851701654275,0.2110385170165423,4.440892098500626e-16
12,Concentric,0.2087045939288072,0.20870459392880703,1.6653345369377348e-16
12,Pizza,0.2281865382826373,0.22818653828263655,7.494005416219807e-16
13,Spiral,0.21927791799585708,0.21927791799585697,1.1102230246251565e-16
13,Concentric,0.21676167308944588,0.21676167308944586,2.7755575615628914e-17
13,Pizza,0.23568348559326882,0.2356834855932688,2.7755575615628914e-17
14,Spiral,0.20544439111931426,0.20544439111931445,1.942890293094024e-16
14,Concentric,0.20261607428619338,0.20261607428619322,1.6653345369377348e-16
14,Pizza,0.22013521359814547,0.22013521359814536,1.1102230246251565e-16
15,Spiral,0.22782488709672463,0.22559843275430463,0.002226454342419998
15,Concentric,0.2290421742915951,0.22732661251709568,0.0017155617744994134
15,Pizza,0.25771445903113616,0.256548845517463,0.0011656135136731693
16,Spiral,0.05828226567264369,0.05828226567264364,4.85722573273506e-17
16,Concentric,0.05691525116141222,0.05691525116141231,9.020562075079397e-17
16,Pizza,0.06579522588012177,0.06579522588012154,2.220446049250313e-16
17,Spiral,0.0560967559371131,0.05609675593711315,4.85722573273506e-17
17,Concentric,0.05547134825277098,0.05547134825277116,1.8041124150158794e-16
17,Pizza,0.07384236681395348,0.07384236681395354,5.551115123125783e-17
18,Spiral,0.04243535529099567,0.042435355290995624,4.85722573273506e-17
18,Concentric,0.04192112619688543,0.04192112619688558,1.5265566588595902e-16
18,Pizza,0.0464351171360471,0.04643511713604707,3.469446951953614e-17
19,Spiral,0.06730058462095297,0.06730058462095298,1.3877787807814457e-17
19,Concentric,0.06731565333556616,0.0673156533355661,5.551115123125783e-17
19,Pizza,0.09462396194983125,0.09462396194983128,2.7755575615628914e-17
20,Spiral,0.06162553593322108,0.061625535933220954,1.249000902703301e-16
20,Concentric,0.062017492570616686,0.06201749257061666,2.7755575615628914e-17
20,Pizza,0.08971871534959275,0.0897187153495927,4.163336342344337e-17
21,Spiral,0.06833607055725369,0.06833607055725402,3.3306690738754696e-16
21,Concentric,0.06776128438573241,0.0677612843857326,1.942890293094024e-16
21,Pizza,0.09454160268522754,0.09454160268522764,9.71445146547012e-17
22,Spiral,0.050155257424473146,0.05015525742447326,1.1102230246251565e-16
22,Concentric,0.04877496759907906,0.0487749675990792,1.3877787807814457e-16
22,Pizza,0.04659191022398491,0.046591910223985025,1.1796119636642288e-16
23,Spiral,0.0424817953948783,0.04248179539487836,6.245004513516506e-17
23,Concentric,0.042978769325182596,0.042978769325182624,2.7755575615628914e-17
23,Pizza,0.0714971250920546,0.07149712509205457,2.7755575615628914e-17
24,Spiral,0.04780389618180109,0.04780389618180099,9.71445146547012e-17
24,Concentric,0.04748411854361264,0.04748411854361259,4.85722573273506e-17
24,Pizza,0.06309902845197854,0.06309902845197841,1.249000902703301e-16
25,Spiral,0.04580041334241141,0.04580041334241157,1.5959455978986625e-16
25,Concentric,0.04532002015087581,0.045320020150876085,2.7755575615628914e-16
25,Pizza,0.06023814159264962,0.06023814159264951,1.1102230246251565e-16
26,Spiral,0.0717902586352714,0.07179025863527135,5.551115123125783e-17
26,Concentric,0.0690007108189693,0.06900071081896926,4.163336342344337e-17
26,Pizza,0.08957708255991187,0.089577082559912,1.249000902703301e-16
27,Spiral,0.020459928870819558,0.020459928870819544,1.3877787807814457e-17
27,Concentric,0.024629659693913692,0.024629659693913678,1.3877787807814457e-17
27,Pizza,0.02218624543594836,0.02218624543594837,1.0408340855860843e-17
28,Spiral,0.07214495290789762,0.0721449529078975,1.1102230246251565e-16
28,Concentric,0.08008374975292974,0.08008374975292974,0.0
28,Pizza,0.18277303842838938,0.18277303842838968,3.0531133177191805e-16
29,Spiral,0.0626334852391637,0.06263348523916389,1.8041124150158794e-16
29,Concentric,0.06352393795701397,0.06352393795701416,1.942890293094024e-16
29,Pizza,0.07195461592870242,0.07195461592870253,1.1102230246251565e-16
30,Spiral,0.07543964700607271,0.07543964700607272,1.3877787807814457e-17
30,Concentric,0.07320961359321355,0.0732096135932137,1.3877787807814457e-16
30,Pizza,0.12301910231360941,0.1230191023136093,1.1102230246251565e-16
31,Spiral,0.08369063002101601,0.08369063002101601,0.0
31,Concentric,0.08871873831815036,0.08871873831815033,2.7755575615628914e-17
31,Pizza,0.12105495660788687,0.1210549566078868,6.938893903907228e-17
32,Spiral,0.09880975485714963,0.09880975485714923,4.0245584642661925e-16
32,Concentric,0.0980862579375992,0.09808625793759876,4.440892098500626e-16
32,Pizza,0.10883135754740113,0.1088313575474012,6.938893903907228e-17
33,Spiral,0.12786563496407588,0.12786563496407605,1.6653345369377348e-16
33,Concentric,0.1261686467193956,0.12616864671939568,8.326672684688674e-17
33,Pizza,0.14718372726517795,0.14718372726517817,2.220446049250313e-16
34,Spiral,0.01827559274425703,0.01827559274425704,1.0408340855860843e-17
34,Concentric,0.015734924005456476,0.015734924005456476,0.0
34,Pizza,0.025004952912494507,0.02500495291249451,3.469446951953614e-18
35,Spiral,0.10266655792155709,0.10266655792155703,5.551115123125783e-17
35,Concentric,0.10235426024316803,0.10235426024316784,1.942890293094024e-16
35,Pizza,0.11197511669762139,0.11197511669762134,5.551115123125783e-17
36,Spiral,0.1350394922755876,0.13503949227558779,1.942890293094024e-16
36,Concentric,0.13476004297603006,0.13476004297603061,5.551115123125783e-16
36,Pizza,0.14186090454085007,0.1418609045408498,2.7755575615628914e-16
37,Spiral,0.045311897529458384,0.04531189752945836,2.0816681711721685e-17
37,Concentric,0.04523375125770796,0.04523375125770798,2.0816681711721685e-17
37,Pizza,0.04608804413334262,0.04608804413334262,0.0
38,Spiral,0.0690557263050951,0.06905572630509495,1.5265566588595902e-16
38,Concentric,0.06720614649871988,0.06720614649871982,5.551115123125783e-17
38,Pizza,0.08122151987917892,0.08122151987917872,1.942890293094024e-16
39,Spiral,0.07929454030471224,0.0792945403047123,5.551115123125783e-17
39,Concentric,0.07788172048724587,0.07788172048724597,9.71445146547012e-17
39,Pizza,0.09383919105490793,0.09383919105490804,1.1102230246251565e-16
40,Spiral,0.03941636129090259,0.03941636129090258,1.3877787807814457e-17
40,Concentric,0.03978973933078213,0.039789739330782094,3.469446951953614e-17
40,Pizza,0.037505565862268095,0.03750556586226809,6.938893903907228e-18
41,Spiral,0.056271854788018404,0.05627185478801845,4.85722573273506e-17
41,Concentric,0.055081282330043946,0.055081282330043974,2.7755575615628914e-17
41,Pizza,0.0534115836731363,0.053411583673136274,2.7755575615628914e-17
42,Spiral,0.04113578610818796,0.04113578610818798,2.0816681711721685e-17
42,Concentric,0.0400811497327815,0.04008114973278153,3.469446951953614e-17
42,Pizza,0.03095169368658155,0.030951693686581554,3.469446951953614e-18
43,Spiral,0.05957548601851821,0.05957548601851822,6.938893903907228e-18
43,Concentric,0.05880917949289677,0.05880917949289671,5.551115123125783e-17
43,Pizza,0.05771733178828529,0.057717331788285246,4.163336342344337e-17
44,Spiral,0.10517500794128912,0.10517500794128919,6.938893903907228e-17
44,Concentric,0.1094409772311572,0.10944097723115725,5.551115123125783e-17
44,Pizza,0.0791982152024446,0.07919821520244458,2.7755575615628914e-17
45,Spiral,0.09115172400442223,0.09115172400442235,1.249000902703301e-16
45,Concentric,0.09255683173857593,0.09255683173857608,1.5265566588595902e-16
45,Pizza,0.09195729458490767,0.09195729458490823,5.551115123125783e-16
46,Spiral,0.04270216960953651,0.04270216960953653,2.0816681711721685e-17
46,Concentric,0.042839903706205815,0.04283990370620591,9.71445146547012e-17
46,Pizza,0.047917639510280885,0.04791763951028094,5.551115123125783e-17
47,Spiral,0.047829556357423544,0.04782955635742335,1.942890293094024e-16
47,Concentric,0.047581708383652305,0.04758170838365214,1.6653345369377348e-16
47,Pizza,0.05491916508209071,0.05491916508209063,7.632783294297951e-17
48,Spiral,0.020064194917026955,0.02006419491702694,1.3877787807814457e-17
48,Concentric,0.022837815778597295,0.022837815778597274,2.0816681711721685e-17
48,Pizza,0.012030783071018934,0.012030783071018942,8.673617379884035e-18
49,Spiral,0.023522593639909363,0.022596700960578427,0.0009258926793309363
49,Concentric,0.025737438850343058,0.025747344867407575,9.906017064516964e-06
49,Pizza,0.02468212867557184,0.024540238819297563,0.0001418898562742764
50,Spiral,0.03954186181947296,0.03954186181947298,2.0816681711721685e-17
50,Concentric,0.03624717872607522,0.03624717872607519,2.7755575615628914e-17
50,Pizza,0.06172614587842859,0.06172614587842872,1.3183898417423734e-16
51,Spiral,0.0451471573315573,0.04514715733155722,8.326672684688674e-17
51,Concentric,0.04507094260969121,0.04507094260969129,8.326672684688674e-17
51,Pizza,0.05667394722484194,0.05667394722484193,6.938893903907228e-18
52,Spiral,0.054057174405917785,0.054057174405917646,1.3877787807814457e-16
52,Concentric,0.05344364820366318,0.053443648203663124,5.551115123125783e-17
52,Pizza,0.07142878659087534,0.07142878659087532,2.7755575615628914e-17
53,Spiral,0.021312614936415356,0.021312614936415335,2.0816681711721685e-17
53,Concentric,0.020114661618418232,0.020114661618418198,3.469446951953614e-17
53,Pizza,0.01207830531381579,0.012078305313815783,6.938893903907228e-18
54,Spiral,0.04736401949515369,0.047364019495153904,2.1510571102112408e-16
54,Concentric,0.04578653603062538,0.04578653603062547,9.020562075079397e-17
54,Pizza,0.058437108167511354,0.0584371081675113,5.551115123125783e-17
55,Spiral,0.024021587437682478,0.024021587437682453,2.42861286636753e-17
55,Concentric,0.02245196366006967,0.02245196366006968,1.0408340855860843e-17
55,Pizza,0.020004961012171335,0.02000496101217133,3.469446951953614e-18
56,Spiral,0.036307940305892114,0.03630794030589218,6.938893903907228e-17
56,Concentric,0.03693149087644244,0.036931490876442485,4.85722573273506e-17
56,Pizza,0.05903916375560339,0.059039163755603405,1.3877787807814457e-17
57,Spiral,0.05127276809566409,0.051272768095664174,8.326672684688674e-17
57,Concentric,0.049655868082084054,0.04965586808208411,5.551115123125783e-17
57,Pizza,0.08581983348356935,0.0858198334835691,2.498001805406602e-16
58,Spiral,0.04026535535004323,0.04026535535004319,4.163336342344337e-17
58,Concentric,0.040318236063483795,0.04031823606348366,1.3183898417423734e-16
58,Pizza,0.04552053568758696,0.04552053568758712,1.5959455978986625e-16
59,Spiral,0.045161128246505484,0.04516112824650551,2.7755575615628914e-17
59,Concentric,0.043918763540599114,0.043918763540599114,0.0
59,Pizza,0.044462105667365276,0.04446210566736525,2.7755575615628914e-17
