theta,method,coverage,mission_time,energy,path_length,connectivity
0.0,proposed,2.0,100,10.722927912032105,106.04757740218415,1.0
0.0,adam,10.0,100,13.692510085816593,148.10534657536374,1.0
0.0,javed,4.0,100,34.64999999999668,492.9684491716475,1.0
0.0,alawad,100.0,42,108.89999999999952,986.2085974390527,0.19
0.02,proposed,2.0,100,10.722982178296661,106.04910833382846,1.0
0.02,adam,10.0,100,13.692510085816593,148.10534657536374,1.0
0.02,javed,4.0,100,34.64999999999668,492.9684491716475,1.0
0.02,alawad,100.0,42,108.89999999999952,986.2085974390527,0.19
0.05,proposed,2.0,100,10.723063594250789,106.05140490544383,1.0
0.05,adam,10.0,100,13.692510085816593,148.10534657536374,1.0
0.05,javed,4.0,100,34.64999999999668,492.9684491716475,1.0
0.05,alawad,100.0,42,108.89999999999952,986.2085974390527,0.19
0.1,proposed,2.0,100,10.723199331678188,106.05523298926339,1.0
0.1,adam,10.0,100,13.692510085816593,148.10534657536374,1.0
0.1,javed,4.0,100,34.64999999999668,492.9684491716475,1.0
0.1,alawad,100.0,42,108.89999999999952,986.2085974390527,0.19
